timestamp,strategy,params,total_chunks,embedder,query_id,query_kind,query_text,has_filter,filter,gold_doc_id,gold_rank,rubric_score,rank,retrieved_doc_id,similarity_score,is_gold,content_preview
2026-08-03 14:16:08,fixed,"chunk_size=500, overlap=50",410,local,Q1,fact,"Ở VinUni, sinh viên đại học chính quy được đăng ký tối đa bao nhiêu tín chỉ trong một học kỳ chính mà không phải xin phê duyệt?",no,,vinuni-academic-regulations-undergrad,2,1,1,vnuf-huong-dan-quy-che-tin-chi,0.41435546622814057,no,"úc học phần, Phòng ĐT sẽ tính điểm đánh giá học phần, trong đó có ghi trừ điểm tích luỹ qúa trình, điểm thi kết thúc học phần và điểm đánh giá cuối cùng, gửi về các địa chỉ: Bộ môn, Khoa, các lớp sinh"
2026-08-03 14:16:08,fixed,"chunk_size=500, overlap=50",410,local,Q1,fact,"Ở VinUni, sinh viên đại học chính quy được đăng ký tối đa bao nhiêu tín chỉ trong một học kỳ chính mà không phải xin phê duyệt?",no,,vinuni-academic-regulations-undergrad,2,1,2,vinuni-academic-regulations-undergrad,0.3319936204075521,yes,mance Evaluation  The academic performance of students is evaluated after each academic semester based on the following criteria:  The number of credits that students have earned in the semester.  Sem
2026-08-03 14:16:08,fixed,"chunk_size=500, overlap=50",410,local,Q1,fact,"Ở VinUni, sinh viên đại học chính quy được đăng ký tối đa bao nhiêu tín chỉ trong một học kỳ chính mà không phải xin phê duyệt?",no,,vinuni-academic-regulations-undergrad,2,1,3,ou-quy-che-hoc-vu-tin-chi,0.32312182464070427,no,"kết quả học tập của sinh viên dựa trên số  lượng tín chỉ đã tích lũy được.  Một  tín chỉ được qui định bằng 15 tiết học lý thuyết; 30 - 45 tiết thực hành,  thí nghiệm hoặc thảo luận; 45 - 90 giờ thực "
2026-08-03 14:16:08,fixed,"chunk_size=500, overlap=50",410,local,Q1,fact,"Ở VinUni, sinh viên đại học chính quy được đăng ký tối đa bao nhiêu tín chỉ trong một học kỳ chính mà không phải xin phê duyệt?",no,,vinuni-academic-regulations-undergrad,2,1,4,vnuf-huong-dan-quy-che-tin-chi,0.31293291900760467,no," trưởng ít nhất một tuần trước khi bắt đầu học kỳ mới .  Điều 16. Bị buộc thôi học  1. Sau mỗi học kỳ, sinh viên bị buộc thôi học nếu rơi vào một trong các trường hợp sau:   a) Có điểm trung bình chun"
2026-08-03 14:16:08,fixed,"chunk_size=500, overlap=50",410,local,Q1,fact,"Ở VinUni, sinh viên đại học chính quy được đăng ký tối đa bao nhiêu tín chỉ trong một học kỳ chính mà không phải xin phê duyệt?",no,,vinuni-academic-regulations-undergrad,2,1,5,vinuni-academic-regulations-undergrad,0.305116181759574,yes,"policy. If the work is not made up during the required period, the incomplete will be converted to an F.  IP In-Progress Courses are typically taught in one semester, except projects such as capstone "
2026-08-03 14:16:08,fixed,"chunk_size=500, overlap=50",410,local,Q2,filtered,"Sinh viên VinUni được rút (withdraw) một học phần đã đăng ký muộn nhất đến khi nào, và cả khóa được rút tối đa bao nhiêu tín chỉ?",yes,{'audience': 'student'},vinuni-academic-regulations-undergrad,3,1,1,iuh-huong-dan-dang-ky-hoc-phan,0.4929520808119024,no,# Hướng dẫn đăng ký học phần (ĐH Công nghiệp TP.HCM)  Hướng dẫn đăng ký học phần - Cẩm nang người học | Đại học Công nghiệp Thành phố Hồ Chí Minh  HƯỚNG DẪN ĐĂNG KÝ HỌC PHẦN  Trang chủ  Học tập tại IU
2026-08-03 14:16:08,fixed,"chunk_size=500, overlap=50",410,local,Q2,filtered,"Sinh viên VinUni được rút (withdraw) một học phần đã đăng ký muộn nhất đến khi nào, và cả khóa được rút tối đa bao nhiêu tín chỉ?",yes,{'audience': 'student'},vinuni-academic-regulations-undergrad,3,1,2,vinuni-class-schedule-registration,0.3543782614448491,no,# Class Schedule and Course Registration  Class Schedule & Course Registration - Registrar  Class Schedule & Course Registration  Academics  Class Schedule & Course Registration  Class Schedule & Cour
2026-08-03 14:16:08,fixed,"chunk_size=500, overlap=50",410,local,Q2,filtered,"Sinh viên VinUni được rút (withdraw) một học phần đã đăng ký muộn nhất đến khi nào, và cả khóa được rút tối đa bao nhiêu tín chỉ?",yes,{'audience': 'student'},vinuni-academic-regulations-undergrad,3,1,3,vinuni-academic-regulations-undergrad,0.32782276156894774,yes,d Absence  The instructor has the responsibility to design a course assessment that is aligned with learning outcomes and that comply with the principles and standards of the University.  The assessme
2026-08-03 14:16:08,fixed,"chunk_size=500, overlap=50",410,local,Q2,filtered,"Sinh viên VinUni được rút (withdraw) một học phần đã đăng ký muộn nhất đến khi nào, và cả khóa được rút tối đa bao nhiêu tín chỉ?",yes,{'audience': 'student'},vinuni-academic-regulations-undergrad,3,1,4,ou-quy-che-hoc-vu-tin-chi,0.3043452771647501,no,"  nghiệm, phòng thực hành;  -         Hướng dẫn thực tập, thực tập tốt nghiệp tại các cơ  sở bên ngoài;  -         Hướng dẫn đồ án, tiểu luận và khóa luận tốt nghiệp  theo từng đề tài.  Môn  học trong"
2026-08-03 14:16:08,fixed,"chunk_size=500, overlap=50",410,local,Q2,filtered,"Sinh viên VinUni được rút (withdraw) một học phần đã đăng ký muộn nhất đến khi nào, và cả khóa được rút tối đa bao nhiêu tín chỉ?",yes,{'audience': 'student'},vinuni-academic-regulations-undergrad,3,1,5,ou-quy-che-hoc-vu-tin-chi,0.294477645038771,no,"  Điều 19. Tổ chức kỳ thi kết thúc môn học  1.     Cuối mỗi học kỳ, trường tổ chức một kỳ thi chính để thi  kết thúc môn học. Kỳ thi phụ dành cho những sinh viên được Phòng Quản lý đào  tạo chấp thuận"
2026-08-03 14:16:08,fixed,"chunk_size=500, overlap=50",410,local,Q3,multi_doc,"Em muốn chuyển đổi tín chỉ đã học ở trường cũ sang VinUni thì được công nhận tối đa bao nhiêu, và phải nộp hồ sơ vào lúc nào?",no,,vinuni-credit-transfer,N/A,0,1,vinuni-academic-regulations-undergrad,0.3822118619289472,no,"d degree, students can transfer the grades, credits of equivalent courses that they gained in the first program and vice versal. If students have completed the general education modules of the first a"
2026-08-03 14:16:08,fixed,"chunk_size=500, overlap=50",410,local,Q3,multi_doc,"Em muốn chuyển đổi tín chỉ đã học ở trường cũ sang VinUni thì được công nhận tối đa bao nhiêu, và phải nộp hồ sơ vào lúc nào?",no,,vinuni-credit-transfer,N/A,0,2,vinuni-academic-regulations-undergrad,0.34631302561060695,no,"(0) score in the main exam. These students, if permitted by the Program Director, may retake the exam soon after that (if any).  Students who are absent in the main final exam with a valid reason, wit"
2026-08-03 14:16:08,fixed,"chunk_size=500, overlap=50",410,local,Q3,multi_doc,"Em muốn chuyển đổi tín chỉ đã học ở trường cũ sang VinUni thì được công nhận tối đa bao nhiêu, và phải nộp hồ sơ vào lúc nào?",no,,vinuni-credit-transfer,N/A,0,3,vinuni-academic-regulations-undergrad,0.3176858687188424,no, provided in the University Regulations for Undergraduate Admissions. The Provost shall sign the decision of recognizing the full-time student list.  All enrolment registration procedures must be comp
2026-08-03 14:16:08,fixed,"chunk_size=500, overlap=50",410,local,Q3,multi_doc,"Em muốn chuyển đổi tín chỉ đã học ở trường cũ sang VinUni thì được công nhận tối đa bao nhiêu, và phải nộp hồ sơ vào lúc nào?",no,,vinuni-credit-transfer,N/A,0,4,vinuni-academic-regulations-undergrad,0.31157830490116484,no,ed in Article 15 of this Regulation. Temporary absences for personal reasons will be included in and counted towards the official duration of the study.  Leaves/withdrawals requested for an upcoming s
2026-08-03 14:16:08,fixed,"chunk_size=500, overlap=50",410,local,Q3,multi_doc,"Em muốn chuyển đổi tín chỉ đã học ở trường cũ sang VinUni thì được công nhận tối đa bao nhiêu, và phải nộp hồ sơ vào lúc nào?",no,,vinuni-credit-transfer,N/A,0,5,vinuni-academic-regulations-undergrad,0.30766137169609986,no,"used absences include presenting at a professional conference, participation in a leadership/ competition/service activity or official representation of VinUniversity. The number of days off will be d"
2026-08-03 14:16:08,fixed,"chunk_size=500, overlap=50",410,local,Q4,paraphrase,Em đăng ký môn xong rồi mà chưa kịp nộp tiền học thì có bị mất môn không?,no,,ueh-dang-ky-huy-hoc-phan,N/A,0,1,ou-quy-che-hoc-vu-tin-chi,0.3021489615247167,no,chấp thuận của cố vấn  học tập trong sổ đăng ký học tập.   Điều 9. Điều  chỉnh khối lượng học tập  1.     Việc điều  chỉnh khối lượng học tập đã đăng ký chỉ được chấp nhận trong thời hạn 2 tuần  đầu c
2026-08-03 14:16:08,fixed,"chunk_size=500, overlap=50",410,local,Q4,paraphrase,Em đăng ký môn xong rồi mà chưa kịp nộp tiền học thì có bị mất môn không?,no,,ueh-dang-ky-huy-hoc-phan,N/A,0,2,vinuni-academic-regulations-undergrad,0.2970010566011795,no,d Absence  The instructor has the responsibility to design a course assessment that is aligned with learning outcomes and that comply with the principles and standards of the University.  The assessme
2026-08-03 14:16:08,fixed,"chunk_size=500, overlap=50",410,local,Q4,paraphrase,Em đăng ký môn xong rồi mà chưa kịp nộp tiền học thì có bị mất môn không?,no,,ueh-dang-ky-huy-hoc-phan,N/A,0,3,vinuni-registrar-faqs,0.28119574714993195,no,"t the First-Year Faculty Advising Program.   Does VinUni follow international standards?   Yes. VinUni is a member of AACRAO, adhering to global academic administration practices.  Can I change my Fac"
2026-08-03 14:16:08,fixed,"chunk_size=500, overlap=50",410,local,Q4,paraphrase,Em đăng ký môn xong rồi mà chưa kịp nộp tiền học thì có bị mất môn không?,no,,ueh-dang-ky-huy-hoc-phan,N/A,0,4,vinuni-academic-regulations-undergrad,0.28078985338363277,no, send the application form and student profile to the College in charge of the second program;  Step 3: The Program Director of the second academic program considers the equivalent courses of the two 
2026-08-03 14:16:08,fixed,"chunk_size=500, overlap=50",410,local,Q4,paraphrase,Em đăng ký môn xong rồi mà chưa kịp nộp tiền học thì có bị mất môn không?,no,,ueh-dang-ky-huy-hoc-phan,N/A,0,5,vinuni-credit-transfer,0.2748540036182055,no,"ram in Medicine, Nursing, Pharmacy, Public Health, and Biomedicine.  Year of completion should not be more than 5 years.  Students submit the approval from multiple courses credit transfer. to Program"
2026-08-03 14:16:08,fixed,"chunk_size=500, overlap=50",410,local,Q5,edge,"Sau khi bảo lưu, sinh viên VinUni phải nộp đơn xin quay lại học trước khi học kỳ bắt đầu bao lâu?",no,,vinuni-leave-of-absence,N/A,0,1,vinuni-academic-regulations-undergrad,0.42316258903641824,no,"other grades in computing GPA. In calculating GPA, S/U grades are similar to the CR/NCR grades. The maximum number of times that students can exercise the S/U option and other specific conditions is d"
2026-08-03 14:16:08,fixed,"chunk_size=500, overlap=50",410,local,Q5,edge,"Sau khi bảo lưu, sinh viên VinUni phải nộp đơn xin quay lại học trước khi học kỳ bắt đầu bao lâu?",no,,vinuni-leave-of-absence,N/A,0,2,vinuni-class-schedule-registration,0.3735356932947284,no,ere are some examples covered in the guide:  What to do if a course doesn’t appear  Prerequisite issues despite eligibility  How waitlists and course conflicts work  What to do if the system says a co
2026-08-03 14:16:08,fixed,"chunk_size=500, overlap=50",410,local,Q5,edge,"Sau khi bảo lưu, sinh viên VinUni phải nộp đơn xin quay lại học trước khi học kỳ bắt đầu bao lâu?",no,,vinuni-leave-of-absence,N/A,0,3,ou-quy-che-hoc-vu-tin-chi,0.33918545773705233,no,n phải thực hiện các yêu cầu sau:   Sinh  viên phải viết đơn yêu cầu theo hướng dẫn.  Được  cố vấn học tập chấp thuận.  Sinh  viên chỉ được phép hủy môn học xin điều chỉnh sau khi nhận được giấy báo  
2026-08-03 14:16:08,fixed,"chunk_size=500, overlap=50",410,local,Q5,edge,"Sau khi bảo lưu, sinh viên VinUni phải nộp đơn xin quay lại học trước khi học kỳ bắt đầu bao lâu?",no,,vinuni-leave-of-absence,N/A,0,4,vnuf-huong-dan-quy-che-tin-chi,0.3311081121593971,no,"uyển thành điểm chữ như sau:  a) Loại đạt:  A (8,5 – 10) Giỏi  B (7,0 – 8,4)  Khá  C (5,5 – 6,9) Trung bình  D (4,0 – 5,4) Trung bình yếu  b) Loại không đạt: F (dưới 4,0) Kém  c) Đối với những học phầ"
2026-08-03 14:16:08,fixed,"chunk_size=500, overlap=50",410,local,Q5,edge,"Sau khi bảo lưu, sinh viên VinUni phải nộp đơn xin quay lại học trước khi học kỳ bắt đầu bao lâu?",no,,vinuni-leave-of-absence,N/A,0,5,vinuni-academic-regulations-undergrad,0.3297056430655873,no," and by permission of the Dean and the Office of Registrar.  Where it is necessary for courses to be taught in a short period of time, each course shall not be taught for more than 15 hours/week and 4"
